best_tour,best_distance,obj_exc_ct,runtime
[0 1 2],216.91172818423385,6,9.059906005859375e-05
