best_tour,best_distance,obj_exc_ct,runtime
[0 1 2],142.16133339148072,6,9.965896606445312e-05
