best_tour,best_distance,obj_exc_ct,runtime
[0 1 2],164.64911270407546,6,9.72747802734375e-05
