best_tour,best_distance,obj_exc_ct,runtime
[0 1 2],253.23534180239284,6,9.512901306152344e-05
