best_tour,best_distance,obj_exc_ct,runtime
[0 1 2],182.55776079658892,6,9.679794311523438e-05
