best_tour,best_distance,obj_exc_ct,runtime
[2 0 1],164.64911270407546,311,4.387084484100342
