best_tour,best_distance,obj_exc_ct,runtime
[2 1 0],216.91172818423385,481,7.417321443557739
