best_tour,best_distance,obj_exc_ct,runtime
[0 2 1],182.55776079658892,311,4.389770746231079
