best_tour,best_distance,obj_exc_ct,runtime
[1 2 0],142.16133339148072,311,4.385022401809692
