best_tour,best_distance,obj_exc_ct,runtime
[2 6 5 1 7 0 3 4],365.98268669779856,314,135.94369268417358
