best_tour,best_distance,obj_exc_ct,runtime
[3 6 2 5 1 0 4 7],275.5980667846911,324,137.11140751838684
