best_tour,best_distance,obj_exc_ct,runtime
[1 5 0 7 4 3 6 2],412.4392924190149,329,133.97931265830994
