best_tour,best_distance,obj_exc_ct,runtime
[5 1 0 3 2 4 6 7],406.7359563879209,318,134.73467016220093
