best_tour,best_distance,obj_exc_ct,runtime
[1 7 3 6 2 4 5 0],412.4111427479251,318,136.41797542572021
