best_tour,best_distance,obj_exc_ct,runtime
[0 4 3 7 2 6 5 1],266.7594908743663,40320,0.5440716743469238
