best_tour,best_distance,obj_exc_ct,runtime
[1 7 0 3 6 4 2 5],297.6556804516166,40320,0.5427095890045166
