best_tour,best_distance,obj_exc_ct,runtime
[0 7 1 4 3 6 2 5],385.0735312901795,40320,0.5414800643920898
