best_tour,best_distance,obj_exc_ct,runtime
[0 4 2 6 7 5 1 3],348.63342217176375,40320,0.5458645820617676
