best_tour,best_distance,obj_exc_ct,runtime
[0 3 6 7 2 4 5 1],306.300676281108,40320,0.5448658466339111
