best_tour,best_distance,obj_exc_ct,runtime
[1 4 2 3 0],240.11715054690092,1200600,48.93410801887512
