best_tour,best_distance,obj_exc_ct,runtime
[4 0 1 3 2],216.14715314325883,1200600,48.73874521255493
