best_tour,best_distance,obj_exc_ct,runtime
[2 3 4 1 0],265.68516189200307,1200600,49.51958227157593
