best_tour,best_distance,obj_exc_ct,runtime
[3 4 0 2 1],223.40668121415072,1200600,48.80275225639343
