best_tour,best_distance,obj_exc_ct,runtime
[0 4 2 1 3],313.05819601517055,1200600,48.746926069259644
