best_tour,best_distance,obj_exc_ct,runtime
[2 4 9 7 3 0 6 8 5 1],456.31114984540477,1200600,118.3121018409729
