best_tour,best_distance,obj_exc_ct,runtime
[8 3 9 2 6 7 5 0 1 4],442.43247683876365,1200600,117.78151512145996
