best_tour,best_distance,obj_exc_ct,runtime
[7 1 9 8 3 0 2 5 6 4],429.66754273689185,1200600,117.75606846809387
