best_tour,best_distance,obj_exc_ct,runtime
[6 9 8 0 1 2 7 4 3 5],467.2504484345964,1200600,113.84290981292725
