best_tour,best_distance,obj_exc_ct,runtime
[8 1 6 3 0 4 7 5 9 2],517.6164444263248,1200600,114.50730156898499
