best_tour,best_distance,obj_exc_ct,runtime
[0 1 9 8 6 7 4 5 3 2],412.1143283699826,3628800,60.498815298080444
