best_tour,best_distance,obj_exc_ct,runtime
[4 2 9 3 8 1 6 5 0 7],379.2330727849876,3628800,63.03380632400513
