best_tour,best_distance,obj_exc_ct,runtime
[8 2 7 5 9 4 6 0 3 1],428.2780593972025,3628800,61.37688708305359
