best_tour,best_distance,obj_exc_ct,runtime
[1 8 5 3 0 7 4 9 6 2],407.1934870927528,3628800,61.86295533180237
