best_tour,best_distance,obj_exc_ct,runtime
[0 3 8 2 9 5 6 1 4 7],372.79955618766235,3628800,64.00206398963928
