best_tour,best_distance,obj_exc_ct,runtime
[1 3 2 4 0],216.14715314325886,319,823.0315175056458
