best_tour,best_distance,obj_exc_ct,runtime
[1 4 3 2 0],265.6851618920031,325,809.9756109714508
