best_tour,best_distance,obj_exc_ct,runtime
[0 4 3 1 2],223.40668121415075,319,669.9322817325592
