best_tour,best_distance,obj_exc_ct,runtime
[1 2 4 0 3],313.0581960151706,322,683.3321607112885
