best_tour,best_distance,obj_exc_ct,runtime
[0 1 4 2 3],240.11715054690092,314,407.3630440235138
