best_tour,best_distance,obj_exc_ct,runtime
[9 4 8 5 0 3 6 1 2 7],523.5949115577516,319,146.3059642314911
