best_tour,best_distance,obj_exc_ct,runtime
[2 8 0 5 6 1 7 4 9 3],444.497178056596,328,147.76268601417542
