best_tour,best_distance,obj_exc_ct,runtime
[7 6 0 3 2 8 9 5 4 1],481.42454258198967,341,147.7381091117859
