best_tour,best_distance,obj_exc_ct,runtime
[4 8 1 3 0 6 7 5 9 2],490.2309666671952,343,143.96325731277466
