best_tour,best_distance,obj_exc_ct,runtime
[0 1 2 4 7 5 8 9 6 3],496.7340349010793,330,142.84440517425537
