best_tour,best_distance,obj_exc_ct,runtime
[0 2 3 4 1],265.68516189200307,120,0.001165151596069336
