best_tour,best_distance,obj_exc_ct,runtime
[0 1 3 2 4],216.14715314325883,120,0.0011682510375976562
