best_tour,best_distance,obj_exc_ct,runtime
[0 1 4 2 3],240.11715054690092,120,0.0011029243469238281
