best_tour,best_distance,obj_exc_ct,runtime
[0 4 2 1 3],313.05819601517055,120,0.0010840892791748047
