best_tour,best_distance,obj_exc_ct,runtime
[0 2 1 3 4],223.40668121415072,120,0.0011203289031982422
