best_tour,best_distance,obj_exc_ct,runtime
[2 6 3 4 1 7 0 5],385.07353129017963,1200600,83.25185751914978
