best_tour,best_distance,obj_exc_ct,runtime
[4 5 1 3 6 7 0 2],326.0779331669067,1200600,83.83098530769348
