best_tour,best_distance,obj_exc_ct,runtime
[1 5 6 2 7 3 4 0],266.75949087436635,1200600,83.29433679580688
