best_tour,best_distance,obj_exc_ct,runtime
[7 5 1 3 0 6 2 4],367.9111815714426,1200600,83.7289605140686
