best_tour,best_distance,obj_exc_ct,runtime
[0 1 7 2 4 5 6 3],325.2060883706471,1200600,83.66467428207397
