best_tour,best_distance,obj_exc_ct,runtime
[1 2 0],216.91172818423385,1200600,33.31893563270569
