best_tour,best_distance,obj_exc_ct,runtime
[1 2 0],253.23534180239284,1200600,33.01506280899048
