best_tour,best_distance,obj_exc_ct,runtime
[1 0 2],142.16133339148072,1200600,33.0846643447876
