best_tour,best_distance,obj_exc_ct,runtime
[2 0 1],182.55776079658892,1200600,33.10890507698059
